Cell.Line,Tissue,status,BRAF,KRAS,PIK3CA,p.Akt,PTEN,HER2+,VHL,NF1,Cell.Line_old_me,Akt_pS473,Akt_pT308,Akt,HER2_pY1248_Caution,HER2,EGFR_pY1068_Caution,EGFR_pY1173,EGFR,HER3_pY1289_Caution,HER3,ERK2_Caution,JNK_pT183_Y185,JNK2_Caution,MAPK_pT202_Y204,p38_alpha_MAPK,p38_MAPK,p38_pT180_Y182,PRAS40_pT246,VHL_Caution,tissue
PANC1,Pancreatic cancer,resistant,NA,Kras,NA,NA,NA,NA,NA,silent,PANC-1,-0.111488,-0.611566,1.306026,-0.320731,-0.191405,0.03807,0.058815,1.163535,-0.080333,0.051367,-0.212988,0.42624,-0.175336,-0.667098,-0.233556,-0.439865,0.402437,0.029674,0.130929,PANCREAS
MIAPACA2,Pancreatic cancer,resistant,NA,Kras G12C,NA,NA,NA,NA,NA,NA,MiaPaca-2,0.698406,0.337986,0.362707,0.046856,0.271404,0.285307,0.084305,0.145331,0.109771,-0.233562,-0.057041,-0.250218,0.098589,1.431704,-0.19424,-0.023083,0.295049,0.2571,-1.899018,PANCREAS
PANC1005,Pancreatic cancer,resistant,NA,Kras G12D,NA,NA,loss,NA,NA,missense,Panc10.05,1.18492,0.476196,-0.599092,0.383379,0.783583,0.747449,0.09726,0.456623,-0.074859,0.849485,-0.427963,-0.641914,-0.333788,-0.821194,0.154291,0.513058,-0.493507,0.288417,1.601562,PANCREAS
SW1990,Pancreatic cancer,resistant,NA,Kras G12D,NA,NA,loss,NA,NA,NA,SW1990,-0.87968,-0.421758,-0.200772,0.368588,0.731568,0.77011,0.202612,0.978905,0.097427,0.415874,-0.079917,0.311788,0.325138,-1.170131,-0.209182,-0.34328,0.30047,-0.209282,1.74332,PANCREAS
ASPC1,Pancreatic cancer,resistant,NA,Kras G12D,NA,NA,NA,NA,NA,NA,ASPC-1,-1.175204,-0.720076,-0.42766,0.399337,0.769835,1.126537,0.050079,2.024789,-0.036193,1.808876,0.374694,0.981843,-0.138314,1.270833,-0.081961,0.077048,0.992525,-0.296234,0.407897,PANCREAS
SW480,Colon cancer,resistant,NA,Kras G12V,NA,NA,NA,NA,NA,NA,SW480,-0.912739,-0.526907,0.009468,-0.210444,0.439893,-0.20067,-0.139041,0.098374,-0.119391,0.323333,-0.086873,-0.019552,0.468381,0.030701,0.065766,0.027006,-0.148511,-0.625806,-1.426189,LARGE INTESTINE
SW620,Colon cancer,resistant,NA,Kras G12V,NA,NA,NA,NA,NA,NA,SW620,-0.689666,-0.632514,0.468586,-0.518221,-0.810513,-0.631253,0.034438,-1.349493,-0.074481,0.486743,-0.135005,-0.381039,-0.711368,-0.434062,0.230708,0.603428,0.253334,-0.172336,-1.486698,LARGE INTESTINE
MDAMB231,Breast,resistant,G464V,Kras G13D,NA,NA,NA,NA,NA,Frame_Shift_Ins,MDA-MB-231,-1.031945,-0.721593,0.493694,0.007715,-0.040879,0.669177,-0.001602,1.111098,-0.195258,-0.022388,-0.115004,0.368631,0.153482,0.013764,0.813162,1.263568,1.202234,0.006424,-0.577126,BREAST
HCT116,Colorectal cancer,resistant,NA,Kras G13D,H1047R,high,NA,NA,NA,Frame_Shift_Del/Missense,HCT116,-1.152459,-0.599359,0.6239,0.051689,0.329405,-0.062258,0.061012,-0.365239,0.205783,-0.284561,2.079563,-0.118952,1.030263,1.991393,-0.505325,-0.908767,-0.105049,-0.327099,1.915632,LARGE INTESTINE
A375,melanoma,resistant,V600E,NA,NA,NA,NA,NA,NA,Splice_Site,A375,-0.478559,-0.69767,0.949963,-0.390134,-0.051311,-0.758013,-0.035695,-1.163466,-0.118911,1.385743,-0.182618,-0.27966,-0.135974,0.626421,-0.155658,-0.209204,-0.711875,-0.362769,-1.79253,SKIN
U87MG,Glioblastoma,resistant,NA,NA,NA,NA,loss,NA,NA,Frame_Shift_Del/Splice_Site,U87MG,3.42157,3.034971,0.337607,-0.469528,-0.469232,0.426282,-0.246182,0.444523,-0.355249,-0.343019,0.799869,0.28161,0.170853,1.519087,-0.111257,0.056873,0.684157,0.48345,-1.590584,CENTRAL NERVOUS SYSTEM
MDAMB436,Breast,resistant,NA,NA,K567R,NA,loss,NA,NA,NA,MDA-MB-436,2.850511,2.264675,-0.014361,-0.596961,-0.593058,-0.354928,0.046808,0.065247,-0.037098,-0.303732,-0.180867,-0.11044,0.196971,-0.241237,-0.047169,0.01888,-0.034416,0.804745,0.905018,BREAST
HPAFII,Pancreatic cancer,weak sensitive,NA,Kras G12D,NA,NA,NA,NA,NA,NA,HPAF-11,-1.389991,-0.726258,-0.403947,-0.068481,0.195161,0.016588,0.036307,0.04829,-0.019465,0.959334,-0.792876,0.172613,-0.4047,-0.509175,-0.09436,-0.725383,-0.252182,-0.611148,1.446889,PANCREAS
CFPAC1,Pancreatic cancer,weak sensitive,NA,Kras G12V,NA,NA,NA,NA,NA,NA,CFPAC-1,-0.672247,-0.623142,-0.058979,0.228191,0.621121,0.262635,-0.0285,0.561925,-0.589204,0.594245,-0.479773,0.154556,-0.33456,-0.708009,0.025408,-0.191459,-0.954256,-0.560346,0.239543,PANCREAS
HT29,Colon cancer,weak sensitive,V600E,NA,P449T,NA,NA,NA,NA,NA,HT-29,0.635611,-0.24058,0.029083,-0.613994,-0.588945,-1.067789,0.185385,-0.685722,0.199441,-0.143949,0.317101,0.084656,-0.313659,0.879781,0.127846,0.540154,0.872858,-0.26496,1.632089,LARGE INTESTINE
BXPC3,Pancreatic cancer,sensitive,in-frame del,NA,NA,NA,NA,NA,NA,NA,BxPC-3,-0.459642,0.091174,0.383361,0.533771,0.896619,0.958158,0.128897,0.973554,0.232687,0.940162,-0.136827,-0.123879,-0.384888,0.570276,-0.146985,-0.360647,-0.44982,-0.112465,1.826442,PANCREAS
SKOV3,Ovarian,sentitive,NA,NA,H1047R,NA,NA,NA,NA,missense,SKOV-3,2.652943,1.43709,0.029132,4.477476,4.523466,1.587201,-0.153914,1.26383,0.012644,-0.546042,0.697892,1.111375,0.362435,0.89829,0.144318,0.313617,0.777451,0.775634,0.339201,OVARY
IGROV1,Ovarian,sentitive,NA,NA,1069W/R38C,NA,NA,NA,NA,NA,IGROV-1,2.858723,2.368582,-0.345751,0.558044,0.9699,0.827323,0.14232,0.433231,0.128587,0.129596,0.169858,0.060128,0.325071,0.738241,-0.446172,-0.738178,-0.167881,0.066923,3.371266,OVARY
MCF7,Breast,sentitive,NA,NA,E545K,NA,NA,HER2+,NA,NA,MCF-7,-0.218194,-0.299649,1.036296,-0.154712,0.359732,-0.41787,-0.073197,-1.015906,0.230561,0.762347,-0.562324,-0.158484,0.290125,-0.897126,0.069664,0.16907,-0.465572,-0.255489,3.46785,BREAST
MDAMB453,Breast,sentitive,NA,NA,H1047R,NA,loss,HER2+,silent,NA,MDA-MB-453,1.229913,1.420066,1.207527,0.655931,1.683912,-0.344647,0.006578,-1.090918,0.290004,0.849516,-0.252177,-0.348081,0.174636,-0.653925,0.273381,0.675295,-0.634118,0.179136,3.207605,BREAST
HCC1954,Breast,sentitive,NA,NA,H1047R,high,NA,HER2+,NA,NA,HCC1954,2.017168,0.903152,-0.784649,4.653271,4.8955,3.211182,-0.001959,0.139673,0.107424,0.031835,1.115758,0.160696,1.049191,-0.085664,0.235768,0.500592,0.542311,-0.149118,0.992138,BREAST
T47D,Breast,sentitive,NA,NA,H1047R,NA,NA,NA,NA,NA,T47D,0.991487,0.191247,0.176713,-0.004278,0.664268,-0.483495,-0.116162,-1.170136,-0.211259,0.955863,-0.310598,-0.493535,-0.055706,-0.062794,0.261812,0.554899,-0.645236,-0.287119,4.376461,BREAST
BT474,Breast,sentitive,NA,NA,K111N,high,NA,HER2+,NA,NA,BT474,1.661112,0.611983,1.154015,2.703822,3.465626,-0.40093,0.046507,-1.145454,-0.011415,0.552459,0.440924,-0.621008,-0.104351,-0.825852,-0.10694,0.172802,-0.984018,0.396402,1.737479,BREAST
HCC1395,Breast,sentitive,NA,NA,NA,NA,loss,NA,NA,NA,HCC1395,3.366783,2.521027,0.614197,-0.254378,0.61449,-0.440605,-0.196221,0.393746,-0.006621,-0.462953,-0.006714,-0.428223,0.229218,-0.220556,-0.018519,-0.063173,-0.712135,0.936286,1.498334,BREAST
HCC1937,Breast,sentitive,NA,NA,NA,NA,loss,NA,NA,NA,HCC1937,1.120592,0.688251,-0.511441,-0.153997,0,-0.595115,-0.111335,-0.24365,-0.116877,-0.237804,-0.026435,-0.273586,-0.054597,0.338503,0.104346,-0.217554,-0.392498,-0.144181,1.25132,BREAST
HCC70,Breast,sentitive,NA,NA,NA,high,loss,NA,NA,NA,HCC70,2.319838,1.601606,-0.115866,0.206539,0.443683,0.635184,-0.076139,1.000352,-0.256363,0.329003,0.981301,-0.059436,0.062147,0.231844,0.241121,0.604475,0.180292,0.220023,2.402254,BREAST
MDAMB468,Breast,sentitive,NA,NA,NA,NA,loss,NA,NA,NA,MDA-MB-468,3.053906,2.376356,-0.109009,0.477379,-2.158206,1.890111,0.401052,3.37221,0.001241,0.486729,0.043162,0.157425,0.599858,0.968664,0.304206,0.390976,0.674017,0.708847,1.985379,BREAST
ZR751,Breast,sentitive,NA,NA,NA,NA,loss,NA,NA,NA,ZR75-1,1.042823,1.213646,1.03127,0.419732,1.246305,-0.321155,-0.170491,-1.194442,-0.206603,0.72568,0.149115,0.046379,0.40087,0.323188,0.063903,0.08406,0.013827,-0.221465,3.437282,BREAST
PC3,Prostate cancer,sentitive,NA,NA,NA,NA,loss,NA,NA,NA,PC-3,1.155611,0.820198,-0.403327,0.131041,-0.260107,0.752838,0.080463,0.524779,-2.80E-05,0.106443,-0.590313,-0.535015,-0.171527,-1.502705,0.089396,-0.343186,-0.644246,0.549879,3.541358,PROSTATE
SKBR3,Breast,sentitive,NA,NA,NA,NA,NA,HER2+,NA,NA,SKBR-3,3.330312,2.330268,0,3.835022,4.503562,2.635022,0.052353,0.346643,0.721983,0.930605,0.396358,0.559993,0.249315,0.77466,-0.093508,-0.190787,0.230793,0.706898,3.193392,BREAST
HCC1143,Breast,sentitive,NA,NA,NA,NA,NA,NA,NA,NA,HCC1143,-0.225861,-0.273709,-0.00398,-0.058575,-0.358529,-0.03282,-0.123633,1.186888,0.015169,0.26456,0.094271,-0.111623,0.25024,0.330757,1.509711,-0.627286,-0.66188,0.195725,3.880151,BREAST